Date, Image number, Account, URL
2020-07-11,1,carnavalnegrosyblancos,https://www.instagram.com/p/CCg6JKpnPjV/
2020-07-10,2,carnavalnegrosyblancos,https://www.instagram.com/p/CCd1csRnyam/
2020-07-09,3,carnavalnegrosyblancos,https://www.instagram.com/p/CCb4gK5jFD_/
2020-07-05,4,carnavalnegrosyblancos,https://www.instagram.com/p/CCRdizpHXk3/
2020-07-01,5,carnavalnegrosyblancos,https://www.instagram.com/p/CCHQ7donnjS/
2020-06-29,6,carnavalnegrosyblancos,https://www.instagram.com/p/CCCYwx7HV1y/
2020-06-24,7,carnavalnegrosyblancos,https://www.instagram.com/p/CB0_wknnRwQ/
2020-06-22,8,carnavalnegrosyblancos,https://www.instagram.com/p/CBvuDNOn460/
2020-06-22,9,carnavalnegrosyblancos,https://www.instagram.com/p/CBuM-rinJO2/
2020-06-21,10,carnavalnegrosyblancos,https://www.instagram.com/p/CBthOm4nK_r/
2020-06-21,11,carnavalnegrosyblancos,https://www.instagram.com/p/CBtDBrCnBOB/
2020-06-20,12,carnavalnegrosyblancos,https://www.instagram.com/p/CBqTliBnjst/
2020-06-18,13,carnavalnegrosyblancos,https://www.instagram.com/p/CBmAojknQSh/
2020-06-17,14,carnavalnegrosyblancos,https://www.instagram.com/p/CBiurbTH_Ak/
2020-06-16,15,carnavalnegrosyblancos,https://www.instagram.com/p/CBeh8iPnSCL/
2020-06-16,16,carnavalnegrosyblancos,https://www.instagram.com/p/CBeaiWbnH7x/
2020-06-14,17,carnavalnegrosyblancos,https://www.instagram.com/p/CBbiSiqHqLz/
2020-06-14,18,carnavalnegrosyblancos,https://www.instagram.com/p/CBZTxwcnXVH/
2020-06-09,19,carnavalnegrosyblancos,https://www.instagram.com/p/CBOltvHH8RZ/
2020-06-08,20,carnavalnegrosyblancos,https://www.instagram.com/p/CBJ96K4H-qC/
2020-06-05,21,carnavalnegrosyblancos,https://www.instagram.com/p/CBD9eJYnH3y/
2020-06-04,22,carnavalnegrosyblancos,https://www.instagram.com/p/CBBjG1_nrTF/
2020-06-01,23,carnavalnegrosyblancos,https://www.instagram.com/p/CA5-Fx7H0-6/
2020-05-26,24,carnavalnegrosyblancos,https://www.instagram.com/p/CAp7PCKnGy_/
2020-05-22,25,carnavalnegrosyblancos,https://www.instagram.com/p/CAgIsvbniTo/
2020-05-21,26,carnavalnegrosyblancos,https://www.instagram.com/p/CAdIcJ3H7JH/
2020-05-20,27,carnavalnegrosyblancos,https://www.instagram.com/p/CAbILFFHBIp/
2020-05-19,28,carnavalnegrosyblancos,https://www.instagram.com/p/CAYcGnFH_rm/
2020-05-15,29,carnavalnegrosyblancos,https://www.instagram.com/p/CANcKbPnIZX/
2020-05-13,30,carnavalnegrosyblancos,https://www.instagram.com/p/CAJIlhIHyrY/
2020-05-12,31,carnavalnegrosyblancos,https://www.instagram.com/p/CAGfaEOniF_/
2020-05-10,32,carnavalnegrosyblancos,https://www.instagram.com/p/CAA-8KNnJEu/
2020-04-30,33,carnavalnegrosyblancos,https://www.instagram.com/p/B_m1h3VH6eO/
2020-04-29,34,carnavalnegrosyblancos,https://www.instagram.com/p/B_ka8q4HG3g/
2020-04-29,35,carnavalnegrosyblancos,https://www.instagram.com/p/B_i1lrxnlZC/
2020-04-25,36,carnavalnegrosyblancos,https://www.instagram.com/p/B_aT9npnM-Y/
2020-04-21,37,carnavalnegrosyblancos,https://www.instagram.com/p/B_Ogi0dn6XQ/
2020-04-16,38,carnavalnegrosyblancos,https://www.instagram.com/p/B_BZ-WYn0Ex/
2020-04-15,39,carnavalnegrosyblancos,https://www.instagram.com/p/B_BQuRanq6P/
2020-04-15,40,carnavalnegrosyblancos,https://www.instagram.com/p/B_BEsQAHsLn/
2020-04-15,41,carnavalnegrosyblancos,https://www.instagram.com/p/B_A-5B9HI9X/
2020-04-15,42,carnavalnegrosyblancos,https://www.instagram.com/p/B_AriS7nMMo/
2020-04-11,43,carnavalnegrosyblancos,https://www.instagram.com/p/B-2_BZensTo/
2020-04-09,44,carnavalnegrosyblancos,https://www.instagram.com/p/B-vwK_BHEnI/
2020-04-07,45,carnavalnegrosyblancos,https://www.instagram.com/p/B-r_Mm2HQVy/
2020-04-03,46,carnavalnegrosyblancos,https://www.instagram.com/p/B-huiDbHbQK/
2020-04-02,47,carnavalnegrosyblancos,https://www.instagram.com/p/B-fwqI7H_j3/
2020-04-02,48,carnavalnegrosyblancos,https://www.instagram.com/p/B-dmoOSHOum/
2020-03-23,49,carnavalnegrosyblancos,https://www.instagram.com/p/B-FwbFnHyj8/
2020-03-20,50,carnavalnegrosyblancos,https://www.instagram.com/p/B98AANdHxtI/
2020-03-17,51,carnavalnegrosyblancos,https://www.instagram.com/p/B92IREnnPvb/
2020-03-12,52,carnavalnegrosyblancos,https://www.instagram.com/p/B9pp5XWnOdp/
2020-03-03,53,carnavalnegrosyblancos,https://www.instagram.com/p/B9SUuC3njIm/
2020-02-09,54,carnavalnegrosyblancos,https://www.instagram.com/p/B8W28ZaHARf/
2020-01-14,55,carnavalnegrosyblancos,https://www.instagram.com/p/B7SH2ISHKpv/
2020-01-13,56,carnavalnegrosyblancos,https://www.instagram.com/p/B7RmbuonDLb/
2020-01-13,57,carnavalnegrosyblancos,https://www.instagram.com/p/B7RdRPtHHtZ/
2020-01-13,58,carnavalnegrosyblancos,https://www.instagram.com/p/B7RdDl6HQKs/
2020-01-13,59,carnavalnegrosyblancos,https://www.instagram.com/p/B7RcwTKnsLv/
2020-01-13,60,carnavalnegrosyblancos,https://www.instagram.com/p/B7RcgAanXAy/
2020-01-13,61,carnavalnegrosyblancos,https://www.instagram.com/p/B7RcQLdnD8A/
2020-01-13,62,carnavalnegrosyblancos,https://www.instagram.com/p/B7RJG8FnxOZ/
2020-01-13,63,carnavalnegrosyblancos,https://www.instagram.com/p/B7RIkzfntlb/
2020-01-13,64,carnavalnegrosyblancos,https://www.instagram.com/p/B7RHpP3n3_p/
2020-01-13,65,carnavalnegrosyblancos,https://www.instagram.com/p/B7RHfWHnIfa/
2020-01-13,66,carnavalnegrosyblancos,https://www.instagram.com/p/B7RG9XBHWu4/
2020-01-07,67,carnavalnegrosyblancos,https://www.instagram.com/p/B7ATLy6nf-B/
2020-01-05,68,carnavalnegrosyblancos,https://www.instagram.com/p/B69K2Z8nW1e/
2020-01-04,69,carnavalnegrosyblancos,https://www.instagram.com/p/B64qu7PnfSg/
2020-01-04,70,carnavalnegrosyblancos,https://www.instagram.com/p/B64nYerHvgD/
2020-01-03,71,carnavalnegrosyblancos,https://www.instagram.com/p/B62ynFvnezq/
2020-01-02,72,carnavalnegrosyblancos,https://www.instagram.com/p/B60x4-Vn_sH/
2020-01-02,73,carnavalnegrosyblancos,https://www.instagram.com/p/B6zVnUOnik_/
2019-12-30,74,carnavalnegrosyblancos,https://www.instagram.com/p/B6tY-n8HNup/
2019-12-29,75,carnavalnegrosyblancos,https://www.instagram.com/p/B6qs3DEneaZ/
2019-12-20,76,carnavalnegrosyblancos,https://www.instagram.com/p/B6RnEmrnQ6s/
2019-12-16,77,carnavalnegrosyblancos,https://www.instagram.com/p/B6JDlu7n2nt/
2019-12-13,78,carnavalnegrosyblancos,https://www.instagram.com/p/B6BjUiCHHms/
2019-12-11,79,carnavalnegrosyblancos,https://www.instagram.com/p/B58hHRandVp/
2019-12-11,80,carnavalnegrosyblancos,https://www.instagram.com/p/B566jWHn5wa/
2019-12-11,81,carnavalnegrosyblancos,https://www.instagram.com/p/B56gmuiHHfv/
2019-11-14,82,carnavalnegrosyblancos,https://www.instagram.com/p/B43DbQtlEc_/
2019-11-05,83,carnavalnegrosyblancos,https://www.instagram.com/p/B4gEh8TH8Ok/
2019-10-21,84,carnavalnegrosyblancos,https://www.instagram.com/p/B35RR4QH9up/
2019-10-20,85,carnavalnegrosyblancos,https://www.instagram.com/p/B302HEBHUoA/
2019-10-20,86,carnavalnegrosyblancos,https://www.instagram.com/p/B30gMrBHhCL/
2019-10-18,87,carnavalnegrosyblancos,https://www.instagram.com/p/B3w_c6GHvRJ/
2019-10-17,88,carnavalnegrosyblancos,https://www.instagram.com/p/B3u5GZqnxb8/
2019-10-17,89,carnavalnegrosyblancos,https://www.instagram.com/p/B3ufZErnhsL/
2019-10-16,90,carnavalnegrosyblancos,https://www.instagram.com/p/B3sTP1Zns1b/
2019-10-16,91,carnavalnegrosyblancos,https://www.instagram.com/p/B3sGeLZnvHl/
2019-10-16,92,carnavalnegrosyblancos,https://www.instagram.com/p/B3qHWaPnAyp/
2019-10-15,93,carnavalnegrosyblancos,https://www.instagram.com/p/B3pBphQH8so/
2019-10-14,94,carnavalnegrosyblancos,https://www.instagram.com/p/B3mqhseHINk/
2019-10-14,95,carnavalnegrosyblancos,https://www.instagram.com/p/B3lYmGUHu_D/
2019-10-10,96,carnavalnegrosyblancos,https://www.instagram.com/p/B3a5oS7nIc-/
2019-10-08,97,carnavalnegrosyblancos,https://www.instagram.com/p/B3V1sq3nqpn/
2019-10-07,98,carnavalnegrosyblancos,https://www.instagram.com/p/B3VNnDpldzf/
2019-10-05,99,carnavalnegrosyblancos,https://www.instagram.com/p/B3PhbCtHILR/
2019-10-05,100,carnavalnegrosyblancos,https://www.instagram.com/p/B3OWuKaHU7r/
2019-10-04,101,carnavalnegrosyblancos,https://www.instagram.com/p/B3Lj1tZn__2/
2019-10-02,102,carnavalnegrosyblancos,https://www.instagram.com/p/B3GgDVJH99W/
2019-09-25,103,carnavalnegrosyblancos,https://www.instagram.com/p/B20O8sPH9yl/
2019-09-21,104,carnavalnegrosyblancos,https://www.instagram.com/p/B2r6LzLHlmo/
2019-09-18,105,carnavalnegrosyblancos,https://www.instagram.com/p/B2jrL_lnJXk/
2019-09-17,106,carnavalnegrosyblancos,https://www.instagram.com/p/B2htoyYnOR9/
2019-09-13,107,carnavalnegrosyblancos,https://www.instagram.com/p/B2XZBhgHCSB/
2019-09-12,108,carnavalnegrosyblancos,https://www.instagram.com/p/B2S7LG-nW5a/
2019-09-12,109,carnavalnegrosyblancos,https://www.instagram.com/p/B2SrWd9n_eO/
2019-08-17,110,carnavalnegrosyblancos,https://www.instagram.com/p/B1RmfyJH2Iz/
2019-08-17,111,carnavalnegrosyblancos,https://www.instagram.com/p/B1RhXtDHxD_/
2019-07-25,112,carnavalnegrosyblancos,https://www.instagram.com/p/B0Wz_LynCJ5/
2019-07-21,113,carnavalnegrosyblancos,https://www.instagram.com/p/B0L7zrjncrc/
2019-07-20,114,carnavalnegrosyblancos,https://www.instagram.com/p/B0KFAh0n8G1/
2019-07-07,115,carnavalnegrosyblancos,https://www.instagram.com/p/BzmPf9rHwuh/
2019-07-03,116,carnavalnegrosyblancos,https://www.instagram.com/p/BzcDZY_Hnlq/
2019-06-28,117,carnavalnegrosyblancos,https://www.instagram.com/p/BzQeEAFHZQE/
2019-06-26,118,carnavalnegrosyblancos,https://www.instagram.com/p/BzLrZFpnO12/
2019-06-13,119,carnavalnegrosyblancos,https://www.instagram.com/p/BypTpSunudy/
2019-06-13,120,carnavalnegrosyblancos,https://www.instagram.com/p/BypA9pAHHN1/
2019-05-31,121,carnavalnegrosyblancos,https://www.instagram.com/p/ByGygwynqgq/
2019-05-28,122,carnavalnegrosyblancos,https://www.instagram.com/p/ByA4MXnn3gZ/
2019-05-27,123,carnavalnegrosyblancos,https://www.instagram.com/p/Bx8mNR0nNbO/
2019-05-13,124,carnavalnegrosyblancos,https://www.instagram.com/p/BxaM_7agJrc/
2019-05-12,125,carnavalnegrosyblancos,https://www.instagram.com/p/BxXvTjjAtCb/
2019-05-08,126,carnavalnegrosyblancos,https://www.instagram.com/p/BxNL9c3BLpy/
2019-04-23,127,carnavalnegrosyblancos,https://www.instagram.com/p/Bwnaa1cBQOU/
2019-04-21,128,carnavalnegrosyblancos,https://www.instagram.com/p/BwhX3qVBOFn/
2019-04-20,129,carnavalnegrosyblancos,https://www.instagram.com/p/BwfLENWhXNj/
2019-04-14,130,carnavalnegrosyblancos,https://www.instagram.com/p/BwOJkExh_PX/
2019-04-06,131,carnavalnegrosyblancos,https://www.instagram.com/p/Bv6ue-4hyNW/
2019-03-29,132,carnavalnegrosyblancos,https://www.instagram.com/p/Bvk3q37hUgr/
2019-03-25,133,carnavalnegrosyblancos,https://www.instagram.com/p/Bvcj7I0BRfX/
2019-03-19,134,carnavalnegrosyblancos,https://www.instagram.com/p/BvNBmhZgIi8/
2019-03-12,135,carnavalnegrosyblancos,https://www.instagram.com/p/Bu5U04shBOR/
2019-03-08,136,carnavalnegrosyblancos,https://www.instagram.com/p/BuwuIwZhNlA/
2019-02-27,137,carnavalnegrosyblancos,https://www.instagram.com/p/BuY9FhghxZU/
2019-02-22,138,carnavalnegrosyblancos,https://www.instagram.com/p/BuMCYenBCAf/
2019-02-21,139,carnavalnegrosyblancos,https://www.instagram.com/p/BuH7c95Bh7j/
2019-02-12,140,carnavalnegrosyblancos,https://www.instagram.com/p/Bty05L3Behq/
2019-02-11,141,carnavalnegrosyblancos,https://www.instagram.com/p/Btv3MN2B6dD/
2019-02-07,142,carnavalnegrosyblancos,https://www.instagram.com/p/BtleEMHBEtQ/
2019-02-04,143,carnavalnegrosyblancos,https://www.instagram.com/p/BtckpJ7BS06/
2019-01-23,144,carnavalnegrosyblancos,https://www.instagram.com/p/Bs_xK4wB_fi/
2019-01-22,145,carnavalnegrosyblancos,https://www.instagram.com/p/Bs8XWQ6BqYw/
2019-01-21,146,carnavalnegrosyblancos,https://www.instagram.com/p/Bs4OlO0hyrS/
2019-01-16,147,carnavalnegrosyblancos,https://www.instagram.com/p/BsrdpTdhZga/
2019-01-15,148,carnavalnegrosyblancos,https://www.instagram.com/p/BsrDA8uhb2P/
2019-01-15,149,carnavalnegrosyblancos,https://www.instagram.com/p/BsqdTOTheXv/
2019-01-14,150,carnavalnegrosyblancos,https://www.instagram.com/p/BsmJxkaB1A2/
2019-01-11,151,carnavalnegrosyblancos,https://www.instagram.com/p/Bsea298B7RY/
2019-01-10,152,carnavalnegrosyblancos,https://www.instagram.com/p/Bsb4gPshUBz/
2019-01-09,153,carnavalnegrosyblancos,https://www.instagram.com/p/BsZMw6NBrm7/
2019-01-08,154,carnavalnegrosyblancos,https://www.instagram.com/p/BsYrckNBZQ_/
2019-01-08,155,carnavalnegrosyblancos,https://www.instagram.com/p/BsWtifXB_R5/
2019-01-07,156,carnavalnegrosyblancos,https://www.instagram.com/p/BsUTqrmB1MR/
2019-01-06,157,carnavalnegrosyblancos,https://www.instagram.com/p/BsTpDcuBwr8/
2019-01-06,158,carnavalnegrosyblancos,https://www.instagram.com/p/BsS0Zf5BlTa/
2019-01-06,159,carnavalnegrosyblancos,https://www.instagram.com/p/BsRzJptBj5p/
2019-01-06,160,carnavalnegrosyblancos,https://www.instagram.com/p/BsRpkN2Bpge/
2019-01-06,161,carnavalnegrosyblancos,https://www.instagram.com/p/BsRdJxFh8ae/
2019-01-05,162,carnavalnegrosyblancos,https://www.instagram.com/p/BsQ5tqUhhD7/
2019-01-05,163,carnavalnegrosyblancos,https://www.instagram.com/p/BsQvfeEhyvK/
2019-01-05,164,carnavalnegrosyblancos,https://www.instagram.com/p/BsQgq7_BshO/
2019-01-05,165,carnavalnegrosyblancos,https://www.instagram.com/p/BsQQL40Brmu/
2019-01-05,166,carnavalnegrosyblancos,https://www.instagram.com/p/BsPcGN7hTPN/
2019-01-05,167,carnavalnegrosyblancos,https://www.instagram.com/p/BsPLwpWBQRV/
2019-01-05,168,carnavalnegrosyblancos,https://www.instagram.com/p/BsO94mLhXdm/
2019-01-05,169,carnavalnegrosyblancos,https://www.instagram.com/p/BsO5kmDBZ_X/
2019-01-04,170,carnavalnegrosyblancos,https://www.instagram.com/p/BsOtwFIBost/
2019-01-04,171,carnavalnegrosyblancos,https://www.instagram.com/p/BsOqTZlBpEv/
2019-01-04,172,carnavalnegrosyblancos,https://www.instagram.com/p/BsOE70IhcUU/
2019-01-04,173,carnavalnegrosyblancos,https://www.instagram.com/p/BsNscVkhR6W/
2019-01-04,174,carnavalnegrosyblancos,https://www.instagram.com/p/BsM5KlohIg0/
2019-01-04,175,carnavalnegrosyblancos,https://www.instagram.com/p/BsMiss7hVz-/
2019-01-04,176,carnavalnegrosyblancos,https://www.instagram.com/p/BsMcwB7BtNS/
2019-01-03,177,carnavalnegrosyblancos,https://www.instagram.com/p/BsL-i20BY_J/
2019-01-03,178,carnavalnegrosyblancos,https://www.instagram.com/p/BsLyiZQBK5H/
2019-01-03,179,carnavalnegrosyblancos,https://www.instagram.com/p/BsLn7_Rhv3b/
2019-01-03,180,carnavalnegrosyblancos,https://www.instagram.com/p/BsLC4N8heR1/
2019-01-03,181,carnavalnegrosyblancos,https://www.instagram.com/p/BsKODoyBaHd/
2019-01-03,182,carnavalnegrosyblancos,https://www.instagram.com/p/BsKJJh1h1CM/
2019-01-03,183,carnavalnegrosyblancos,https://www.instagram.com/p/BsKCkfIBvDq/
2019-01-03,184,carnavalnegrosyblancos,https://www.instagram.com/p/BsJ_5GVBysU/
2019-01-03,185,carnavalnegrosyblancos,https://www.instagram.com/p/BsJvwPLhaZr/
2019-01-02,186,carnavalnegrosyblancos,https://www.instagram.com/p/BsJDKIrB7fY/
2019-01-02,187,carnavalnegrosyblancos,https://www.instagram.com/p/BsI5gORBDuz/
2019-01-02,188,carnavalnegrosyblancos,https://www.instagram.com/p/BsIwmORhwjd/
2019-01-02,189,carnavalnegrosyblancos,https://www.instagram.com/p/BsIVSvABstY/
2019-01-02,190,carnavalnegrosyblancos,https://www.instagram.com/p/BsHfZT6hmyx/
2019-01-02,191,carnavalnegrosyblancos,https://www.instagram.com/p/BsHUnDkBp2n/
2019-01-02,192,carnavalnegrosyblancos,https://www.instagram.com/p/BsHNkdshAl5/
2019-01-01,193,carnavalnegrosyblancos,https://www.instagram.com/p/BsGzV0YBcf0/
2019-01-01,194,carnavalnegrosyblancos,https://www.instagram.com/p/BsGdbBih4HQ/
2018-12-31,195,carnavalnegrosyblancos,https://www.instagram.com/p/BsEa5sahbg0/
2018-12-31,196,carnavalnegrosyblancos,https://www.instagram.com/p/BsDlzJuBB6u/
2018-12-31,197,carnavalnegrosyblancos,https://www.instagram.com/p/BsDYAjSBC7Q/
2018-12-31,198,carnavalnegrosyblancos,https://www.instagram.com/p/BsCjIWnB776/
2018-12-31,199,carnavalnegrosyblancos,https://www.instagram.com/p/BsCJ_YQBLBq/
2018-12-31,200,carnavalnegrosyblancos,https://www.instagram.com/p/BsB-RGEhBh2/
2018-12-30,201,carnavalnegrosyblancos,https://www.instagram.com/p/BsBxd9Rhop6/
2018-12-30,202,carnavalnegrosyblancos,https://www.instagram.com/p/BsBjX0_hr2T/
2018-12-30,203,carnavalnegrosyblancos,https://www.instagram.com/p/BsA22QUBQ33/
2018-12-30,204,carnavalnegrosyblancos,https://www.instagram.com/p/Br_vEfyhYwn/
2018-12-30,205,carnavalnegrosyblancos,https://www.instagram.com/p/Br_d7zjBkoD/
2018-12-29,206,carnavalnegrosyblancos,https://www.instagram.com/p/Br_Cuy2h7Kp/
2018-12-29,207,carnavalnegrosyblancos,https://www.instagram.com/p/Br-NE52hRVs/
2018-12-28,208,carnavalnegrosyblancos,https://www.instagram.com/p/Br8trOahf8U/
2018-12-28,209,carnavalnegrosyblancos,https://www.instagram.com/p/Br8VP7wh8la/
2018-12-28,210,carnavalnegrosyblancos,https://www.instagram.com/p/Br76nSaBMYh/
2018-12-28,211,carnavalnegrosyblancos,https://www.instagram.com/p/Br7mrozhB_r/
2018-12-28,212,carnavalnegrosyblancos,https://www.instagram.com/p/Br6yq9PhCwe/
2018-12-28,213,carnavalnegrosyblancos,https://www.instagram.com/p/Br6b9fIBuAP/
2018-12-27,214,carnavalnegrosyblancos,https://www.instagram.com/p/Br6JgCvh6MW/
2018-12-27,215,carnavalnegrosyblancos,https://www.instagram.com/p/Br34Hdih4M-/
2018-12-26,216,carnavalnegrosyblancos,https://www.instagram.com/p/Br2zd0PBgtj/
2018-12-24,217,carnavalnegrosyblancos,https://www.instagram.com/p/BrxjRV4BIsJ/
2018-12-23,218,carnavalnegrosyblancos,https://www.instagram.com/p/BrvgyRQhFpf/
2018-12-23,219,carnavalnegrosyblancos,https://www.instagram.com/p/BrtkV6rh6lq/
2018-12-22,220,carnavalnegrosyblancos,https://www.instagram.com/p/Brs0OWKBtJ6/
2018-12-21,221,carnavalnegrosyblancos,https://www.instagram.com/p/BrpttHxB4c8/
2018-12-21,222,carnavalnegrosyblancos,https://www.instagram.com/p/BroVyXohjbI/
2018-12-20,223,carnavalnegrosyblancos,https://www.instagram.com/p/BrnbsaWh-CM/
2018-12-19,224,carnavalnegrosyblancos,https://www.instagram.com/p/BrlfDxJh2dC/
2018-12-18,225,carnavalnegrosyblancos,https://www.instagram.com/p/BriqnU7hEEM/
2018-12-18,226,carnavalnegrosyblancos,https://www.instagram.com/p/Brg2AWtBfZ2/
2018-12-17,227,carnavalnegrosyblancos,https://www.instagram.com/p/BreJMoZhMhb/
2018-12-15,228,carnavalnegrosyblancos,https://www.instagram.com/p/BrakjndB1FT/
2018-12-10,229,carnavalnegrosyblancos,https://www.instagram.com/p/BrON0VChi92/
2018-12-06,230,carnavalnegrosyblancos,https://www.instagram.com/p/BrDStrmhOF5/
2018-12-05,231,carnavalnegrosyblancos,https://www.instagram.com/p/BrBV2y2hzsw/
2018-12-01,232,carnavalnegrosyblancos,https://www.instagram.com/p/Bq2HiSRBW-X/
2018-11-30,233,carnavalnegrosyblancos,https://www.instagram.com/p/Bq0aZTRBtTn/
2018-11-30,234,carnavalnegrosyblancos,https://www.instagram.com/p/Bq0aW34hciN/
2018-11-30,235,carnavalnegrosyblancos,https://www.instagram.com/p/Bq0aUp5B8cC/
2018-11-30,236,carnavalnegrosyblancos,https://www.instagram.com/p/Bq0aOVdhEoH/
2018-11-30,237,carnavalnegrosyblancos,https://www.instagram.com/p/Bq0aLx-h3zo/
2018-11-30,238,carnavalnegrosyblancos,https://www.instagram.com/p/Bq0aGDmBeyr/
2018-11-30,239,carnavalnegrosyblancos,https://www.instagram.com/p/Bq0aB1Rh7Is/
2018-11-30,240,carnavalnegrosyblancos,https://www.instagram.com/p/Bq0Z-lfhf3i/
2018-11-30,241,carnavalnegrosyblancos,https://www.instagram.com/p/Bq0Z7QOBNMX/
2018-11-30,242,carnavalnegrosyblancos,https://www.instagram.com/p/Bq0Z3xZhkTT/
2018-11-30,243,carnavalnegrosyblancos,https://www.instagram.com/p/Bq0Z1PohelO/
2018-11-30,244,carnavalnegrosyblancos,https://www.instagram.com/p/Bq0ZyfmBK9q/
2018-11-29,245,carnavalnegrosyblancos,https://www.instagram.com/p/BqxWX-vByKW/
2018-11-22,246,carnavalnegrosyblancos,https://www.instagram.com/p/BqfTnUThEE7/
2018-11-20,247,carnavalnegrosyblancos,https://www.instagram.com/p/BqYrRqkBNgg/
2018-11-15,248,carnavalnegrosyblancos,https://www.instagram.com/p/BqOCdhjhwWs/
2018-11-14,249,carnavalnegrosyblancos,https://www.instagram.com/p/BqKkWe4h57e/
2018-11-09,250,carnavalnegrosyblancos,https://www.instagram.com/p/Bp-VP0eBVqV/
2018-11-07,251,carnavalnegrosyblancos,https://www.instagram.com/p/Bp41RLXB75F/
2018-11-03,252,carnavalnegrosyblancos,https://www.instagram.com/p/Bpsqcx0hqUg/
2018-10-31,253,carnavalnegrosyblancos,https://www.instagram.com/p/Bpm8723ha-1/
2018-10-26,254,carnavalnegrosyblancos,https://www.instagram.com/p/BpaNloMBems/
2018-10-24,255,carnavalnegrosyblancos,https://www.instagram.com/p/BpVHAeHBNWv/
2018-10-19,256,carnavalnegrosyblancos,https://www.instagram.com/p/BpHjEczhB3D/
2018-10-17,257,carnavalnegrosyblancos,https://www.instagram.com/p/BpCrdqKh6tO/
2018-10-12,258,carnavalnegrosyblancos,https://www.instagram.com/p/Bo2P7DZBC3z/
2018-10-10,259,carnavalnegrosyblancos,https://www.instagram.com/p/Bowq-5_hg7r/
2018-10-08,260,carnavalnegrosyblancos,https://www.instagram.com/p/BopttIHhSf1/
2018-10-06,261,carnavalnegrosyblancos,https://www.instagram.com/p/Bok9gUjBND2/
2018-10-05,262,carnavalnegrosyblancos,https://www.instagram.com/p/BokHk1TBlAY/
2018-10-04,263,carnavalnegrosyblancos,https://www.instagram.com/p/BohodXihGz1/
2018-10-03,264,carnavalnegrosyblancos,https://www.instagram.com/p/BofBAd-BMAc/
2018-10-02,265,carnavalnegrosyblancos,https://www.instagram.com/p/BocZknRhXY1/
2018-09-30,266,carnavalnegrosyblancos,https://www.instagram.com/p/BoW6vGaBF67/
2018-09-29,267,carnavalnegrosyblancos,https://www.instagram.com/p/BoVCJqhB5_s/
2018-09-28,268,carnavalnegrosyblancos,https://www.instagram.com/p/BoRq4UGhipW/
2018-09-27,269,carnavalnegrosyblancos,https://www.instagram.com/p/BoPgYOchqdp/
2018-09-26,270,carnavalnegrosyblancos,https://www.instagram.com/p/BoMvq66BycZ/
2018-09-25,271,carnavalnegrosyblancos,https://www.instagram.com/p/BoKGRysBUg2/
2018-09-21,272,carnavalnegrosyblancos,https://www.instagram.com/p/BoALi4bhqiY/
2018-09-21,273,carnavalnegrosyblancos,https://www.instagram.com/p/Bn-MKAmBKFb/
2018-09-18,274,carnavalnegrosyblancos,https://www.instagram.com/p/Bn4usY4HS0w/
2018-09-18,275,carnavalnegrosyblancos,https://www.instagram.com/p/Bn31SLynbe3/
2018-09-15,276,carnavalnegrosyblancos,https://www.instagram.com/p/BnwOdITHRzP/
2018-09-15,277,carnavalnegrosyblancos,https://www.instagram.com/p/Bnv5JybH62g/
2018-09-13,278,carnavalnegrosyblancos,https://www.instagram.com/p/BnrxLmCHEut/
2018-09-11,279,carnavalnegrosyblancos,https://www.instagram.com/p/Bnmn7pKHnG6/
2018-09-07,280,carnavalnegrosyblancos,https://www.instagram.com/p/BnbenjGnYEg/
2018-09-06,281,carnavalnegrosyblancos,https://www.instagram.com/p/BnZZX7mHhXi/
2018-09-06,282,carnavalnegrosyblancos,https://www.instagram.com/p/BnY_Q1onsvn/
2018-09-05,283,carnavalnegrosyblancos,https://www.instagram.com/p/BnWienSH4I2/
2018-09-05,284,carnavalnegrosyblancos,https://www.instagram.com/p/BnWeqxdn72s/
2018-08-31,285,carnavalnegrosyblancos,https://www.instagram.com/p/BnJS1slnZe6/
2018-08-28,286,carnavalnegrosyblancos,https://www.instagram.com/p/BnB9qyZHfl-/
2018-08-21,287,carnavalnegrosyblancos,https://www.instagram.com/p/BmwNN-cn0nk/
2018-08-17,288,carnavalnegrosyblancos,https://www.instagram.com/p/Bmj99-eHUkg/
2018-08-09,289,carnavalnegrosyblancos,https://www.instagram.com/p/BmRDPqWHNWv/
2018-07-28,290,carnavalnegrosyblancos,https://www.instagram.com/p/BlyiJaFnaoP/
2018-07-26,291,carnavalnegrosyblancos,https://www.instagram.com/p/Bls7q-SHSVg/
2018-07-26,292,carnavalnegrosyblancos,https://www.instagram.com/p/BlrL4dMnvpZ/
2018-07-18,293,carnavalnegrosyblancos,https://www.instagram.com/p/BlYZAqoHo7M/
2018-07-18,294,carnavalnegrosyblancos,https://www.instagram.com/p/BlYKafoH2c-/
2018-07-11,295,carnavalnegrosyblancos,https://www.instagram.com/p/BlE3OkqnCG7/
2018-07-10,296,carnavalnegrosyblancos,https://www.instagram.com/p/BlDzGjAnr7U/
2018-07-10,297,carnavalnegrosyblancos,https://www.instagram.com/p/BlCMWG3nVKY/
2018-07-06,298,carnavalnegrosyblancos,https://www.instagram.com/p/Bk5t78jHQBN/
2018-07-06,299,carnavalnegrosyblancos,https://www.instagram.com/p/Bk5teqlnf9V/
2018-06-29,300,carnavalnegrosyblancos,https://www.instagram.com/p/Bkn4c6Hn2Sr/
2018-06-29,301,carnavalnegrosyblancos,https://www.instagram.com/p/BknKOsjHGnH/
2018-06-26,302,carnavalnegrosyblancos,https://www.instagram.com/p/BkgLkeNH2Yc/
2018-06-26,303,carnavalnegrosyblancos,https://www.instagram.com/p/BkfjaJXndA1/
2018-06-26,304,carnavalnegrosyblancos,https://www.instagram.com/p/BkfTs_IHm-J/
2018-06-26,305,carnavalnegrosyblancos,https://www.instagram.com/p/BkeRkOsHnHW/
2018-06-25,306,carnavalnegrosyblancos,https://www.instagram.com/p/Bkb6QSdnJHI/
2018-06-25,307,carnavalnegrosyblancos,https://www.instagram.com/p/Bkb4DihHNBg/
2018-06-24,308,carnavalnegrosyblancos,https://www.instagram.com/p/BkbK3XjnMna/
2018-06-24,309,carnavalnegrosyblancos,https://www.instagram.com/p/BkasHvwH8ra/
2018-06-23,310,carnavalnegrosyblancos,https://www.instagram.com/p/BkYGtROn_5f/
2018-06-23,311,carnavalnegrosyblancos,https://www.instagram.com/p/BkX23JuHCzD/
2018-06-23,312,carnavalnegrosyblancos,https://www.instagram.com/p/BkWYy3mHI-X/
2018-06-22,313,carnavalnegrosyblancos,https://www.instagram.com/p/BkV_ho6H9od/
2018-06-21,314,carnavalnegrosyblancos,https://www.instagram.com/p/BkS9R5Un-od/
2018-06-21,315,carnavalnegrosyblancos,https://www.instagram.com/p/BkS6AlGHJtb/
2018-06-20,316,carnavalnegrosyblancos,https://www.instagram.com/p/BkOetaCHIfk/
2018-06-08,317,carnavalnegrosyblancos,https://www.instagram.com/p/BjxzoAAnv5u/
2018-06-06,318,carnavalnegrosyblancos,https://www.instagram.com/p/BjswMmWnsP7/
2018-05-31,319,carnavalnegrosyblancos,https://www.instagram.com/p/BjcstleHkTp/
2018-05-31,320,carnavalnegrosyblancos,https://www.instagram.com/p/BjbBAU5nHK0/
2018-05-26,321,carnavalnegrosyblancos,https://www.instagram.com/p/BjOLt2unkET/
2018-05-24,322,carnavalnegrosyblancos,https://www.instagram.com/p/BjKmfQRHdyA/
2018-05-21,323,carnavalnegrosyblancos,https://www.instagram.com/p/BjDerQUHGKY/
2018-05-18,324,carnavalnegrosyblancos,https://www.instagram.com/p/Bi76xnCnT5e/
2018-05-18,325,carnavalnegrosyblancos,https://www.instagram.com/p/Bi5wEzVHUlV/
2018-05-15,326,carnavalnegrosyblancos,https://www.instagram.com/p/Biz6fDenT91/
2018-05-13,327,carnavalnegrosyblancos,https://www.instagram.com/p/BiuG9hqnzHg/
2018-05-11,328,carnavalnegrosyblancos,https://www.instagram.com/p/BinpdQiHqbN/
2018-05-09,329,carnavalnegrosyblancos,https://www.instagram.com/p/BikKSn0Ht50/
2018-05-08,330,carnavalnegrosyblancos,https://www.instagram.com/p/BihYqcAnIQp/
2018-05-05,331,carnavalnegrosyblancos,https://www.instagram.com/p/BiZ2V2Pnf11/
2018-05-03,332,carnavalnegrosyblancos,https://www.instagram.com/p/BiVHVOuHCVd/
2018-05-03,333,carnavalnegrosyblancos,https://www.instagram.com/p/BiTErnknV-z/
2018-05-02,334,carnavalnegrosyblancos,https://www.instagram.com/p/BiSYyhgHLN8/
2018-04-30,335,carnavalnegrosyblancos,https://www.instagram.com/p/BiLYlHTHtux/
2018-04-27,336,carnavalnegrosyblancos,https://www.instagram.com/p/BiE-vy0ngtT/
2018-04-26,337,carnavalnegrosyblancos,https://www.instagram.com/p/BiA3rt2nB3v/
2018-04-25,338,carnavalnegrosyblancos,https://www.instagram.com/p/BiAaSC3nH09/
2018-04-22,339,carnavalnegrosyblancos,https://www.instagram.com/p/Bh4hliZnIV1/
2018-04-22,340,carnavalnegrosyblancos,https://www.instagram.com/p/Bh4hecuHkFj/
2018-04-22,341,carnavalnegrosyblancos,https://www.instagram.com/p/Bh4hR7dHRD4/
2018-04-21,342,carnavalnegrosyblancos,https://www.instagram.com/p/Bh0WCwqnEDa/
2018-04-21,343,carnavalnegrosyblancos,https://www.instagram.com/p/Bh0Vikznq_U/
2018-04-21,344,carnavalnegrosyblancos,https://www.instagram.com/p/Bh0UxvWHLUx/
2018-04-21,345,carnavalnegrosyblancos,https://www.instagram.com/p/Bh0VS5UHw3-/
2018-04-20,346,carnavalnegrosyblancos,https://www.instagram.com/p/Bhz6v35H4oW/
2018-04-18,347,carnavalnegrosyblancos,https://www.instagram.com/p/BhuDmBYHq23/
2018-04-18,348,carnavalnegrosyblancos,https://www.instagram.com/p/BhuDKcOHhAg/
2018-04-18,349,carnavalnegrosyblancos,https://www.instagram.com/p/BhuCSyiHhw-/
2018-04-18,350,carnavalnegrosyblancos,https://www.instagram.com/p/BhuBtZXHjdj/
2018-04-18,351,carnavalnegrosyblancos,https://www.instagram.com/p/BhuA5Y4HuKe/
2018-04-18,352,carnavalnegrosyblancos,https://www.instagram.com/p/Bht-xQKnaen/
2018-04-18,353,carnavalnegrosyblancos,https://www.instagram.com/p/Bhsmp1qHli1/
2018-04-17,354,carnavalnegrosyblancos,https://www.instagram.com/p/BhqBjK7HxTU/
2018-04-16,355,carnavalnegrosyblancos,https://www.instagram.com/p/BhohU8Ln2jO/
2018-04-14,356,carnavalnegrosyblancos,https://www.instagram.com/p/BhkIAZhn_oA/
2018-04-14,357,carnavalnegrosyblancos,https://www.instagram.com/p/BhjibdDH1YQ/
2018-04-13,358,carnavalnegrosyblancos,https://www.instagram.com/p/BhhhntJHZNN/
2018-04-13,359,carnavalnegrosyblancos,https://www.instagram.com/p/Bhg1_32nThb/
2018-04-13,360,carnavalnegrosyblancos,https://www.instagram.com/p/BhfaNg6HmHS/
2018-04-11,361,carnavalnegrosyblancos,https://www.instagram.com/p/BhcnWIWnu1W/
2018-04-09,362,carnavalnegrosyblancos,https://www.instagram.com/p/BhVDzasHULJ/
2018-04-02,363,carnavalnegrosyblancos,https://www.instagram.com/p/BhE1ABwnpHT/
2018-03-29,364,carnavalnegrosyblancos,https://www.instagram.com/p/Bg4uuo9n_g1/
2018-03-21,365,carnavalnegrosyblancos,https://www.instagram.com/p/BgmV7uRhFvj/
2018-03-21,366,carnavalnegrosyblancos,https://www.instagram.com/p/Bgl1hifhDoV/
2018-03-17,367,carnavalnegrosyblancos,https://www.instagram.com/p/BgZ7wB3h85k/
2018-03-15,368,carnavalnegrosyblancos,https://www.instagram.com/p/BgWJfRshGON/
2018-03-12,369,carnavalnegrosyblancos,https://www.instagram.com/p/BgPLpJah0A8/
2018-03-07,370,carnavalnegrosyblancos,https://www.instagram.com/p/BgB1hIFDu_C/
2018-03-06,371,carnavalnegrosyblancos,https://www.instagram.com/p/BgACtEbjvwE/
2018-03-06,372,carnavalnegrosyblancos,https://www.instagram.com/p/Bf_es6nDzJU/
2018-02-27,373,carnavalnegrosyblancos,https://www.instagram.com/p/BftNVyCjmFd/
2018-02-22,374,carnavalnegrosyblancos,https://www.instagram.com/p/Bfg-_aIDvp7/
2018-02-20,375,carnavalnegrosyblancos,https://www.instagram.com/p/BfbPxYJD7QQ/
2018-02-19,376,carnavalnegrosyblancos,https://www.instagram.com/p/BfXCogbjvas/
2018-02-16,377,carnavalnegrosyblancos,https://www.instagram.com/p/BfRQgjIDwme/
2018-02-15,378,carnavalnegrosyblancos,https://www.instagram.com/p/BfOyuP0nmSZ/
2018-02-15,379,carnavalnegrosyblancos,https://www.instagram.com/p/BfMyIyGn6Z9/
2018-02-13,380,carnavalnegrosyblancos,https://www.instagram.com/p/BfI_YoMDYF_/
2018-02-13,381,carnavalnegrosyblancos,https://www.instagram.com/p/BfI_VInD5E8/
2018-02-08,382,carnavalnegrosyblancos,https://www.instagram.com/p/Be8S6ggDHM-/
2018-02-05,383,carnavalnegrosyblancos,https://www.instagram.com/p/Be0kKAVDDE5/
2018-02-04,384,carnavalnegrosyblancos,https://www.instagram.com/p/BewTqGJDzUy/
2018-02-01,385,carnavalnegrosyblancos,https://www.instagram.com/p/BeqUNRKjZv3/
2018-01-30,386,carnavalnegrosyblancos,https://www.instagram.com/p/Belq83nn2jp/
2018-01-29,387,carnavalnegrosyblancos,https://www.instagram.com/p/BeinJGqnpES/
2018-01-22,388,carnavalnegrosyblancos,https://www.instagram.com/p/BeRMGfzjTg4/
2018-01-19,389,carnavalnegrosyblancos,https://www.instagram.com/p/BeJNW3RjBDs/
2018-01-19,390,carnavalnegrosyblancos,https://www.instagram.com/p/BeIqnD-DhVR/
2018-01-16,391,carnavalnegrosyblancos,https://www.instagram.com/p/BeBaMP6Dpee/
2018-01-07,392,carnavalnegrosyblancos,https://www.instagram.com/p/Bdo7RDAjwSQ/
2018-01-04,393,carnavalnegrosyblancos,https://www.instagram.com/p/BdiV-xrjW2c/
2018-01-04,394,carnavalnegrosyblancos,https://www.instagram.com/p/Bdh-scajHey/
2018-01-04,395,carnavalnegrosyblancos,https://www.instagram.com/p/Bdg__aajzYj/
2018-01-03,396,carnavalnegrosyblancos,https://www.instagram.com/p/Bdf2lu1jV9c/
2018-01-03,397,carnavalnegrosyblancos,https://www.instagram.com/p/BdfTVS8D6sS/
2018-01-03,398,carnavalnegrosyblancos,https://www.instagram.com/p/BdelA3sDhxw/
2018-01-03,399,carnavalnegrosyblancos,https://www.instagram.com/p/BdeLZRqjufH/
2018-01-02,400,carnavalnegrosyblancos,https://www.instagram.com/p/BdbsXDlDlqr/
2018-01-02,401,carnavalnegrosyblancos,https://www.instagram.com/p/BdbjO-PD8xK/
2018-01-01,402,carnavalnegrosyblancos,https://www.instagram.com/p/BdZXbXuDgXi/
2017-12-31,403,carnavalnegrosyblancos,https://www.instagram.com/p/BdWcbPrjeaZ/
2017-12-30,404,carnavalnegrosyblancos,https://www.instagram.com/p/BdU2n3zDuft/
2017-12-29,405,carnavalnegrosyblancos,https://www.instagram.com/p/BdRSGeiDcd9/
2017-12-28,406,carnavalnegrosyblancos,https://www.instagram.com/p/BdQkFCJjxEH/
2017-12-27,407,carnavalnegrosyblancos,https://www.instagram.com/p/BdN_EwhjGlp/
2017-12-27,408,carnavalnegrosyblancos,https://www.instagram.com/p/BdNtmeSjpnu/
2017-12-27,409,carnavalnegrosyblancos,https://www.instagram.com/p/BdNQHDMj_s9/
2017-12-24,410,carnavalnegrosyblancos,https://www.instagram.com/p/BdF2KsljT4B/
2017-12-23,411,carnavalnegrosyblancos,https://www.instagram.com/p/BdB6IMxjEKb/
2017-12-22,412,carnavalnegrosyblancos,https://www.instagram.com/p/Bc-811yDhLK/
2017-12-20,413,carnavalnegrosyblancos,https://www.instagram.com/p/Bc7kqwuDI92/
2017-12-19,414,carnavalnegrosyblancos,https://www.instagram.com/p/Bc4y80TjnCL/
2017-12-17,415,carnavalnegrosyblancos,https://www.instagram.com/p/Bcz9SbQD7u0/
2017-12-17,416,carnavalnegrosyblancos,https://www.instagram.com/p/Bcz3ai4jhw0/
2017-12-17,417,carnavalnegrosyblancos,https://www.instagram.com/p/BcyhvI_jUnD/
2017-12-15,418,carnavalnegrosyblancos,https://www.instagram.com/p/Bcua8eaD-dw/
2017-12-13,419,carnavalnegrosyblancos,https://www.instagram.com/p/BcpqbCujBa7/
2017-12-11,420,carnavalnegrosyblancos,https://www.instagram.com/p/Bck7WXMDqY8/
2017-12-10,421,carnavalnegrosyblancos,https://www.instagram.com/p/Bch2V6kjJDq/
2017-12-09,422,carnavalnegrosyblancos,https://www.instagram.com/p/Bcdsu8LDApz/
2017-12-06,423,carnavalnegrosyblancos,https://www.instagram.com/p/BcX7K99jSYD/
2017-12-05,424,carnavalnegrosyblancos,https://www.instagram.com/p/BcU6CL1D9Ik/
2017-12-02,425,carnavalnegrosyblancos,https://www.instagram.com/p/BcNo0X9j0ez/
2017-12-01,426,carnavalnegrosyblancos,https://www.instagram.com/p/BcKVG1aD9yi/
2017-12-01,427,carnavalnegrosyblancos,https://www.instagram.com/p/BcJKEmyDRCK/
2017-11-30,428,carnavalnegrosyblancos,https://www.instagram.com/p/BcIwOdjj3BW/
2017-11-29,429,carnavalnegrosyblancos,https://www.instagram.com/p/BcD7KK3D_JV/
2017-11-20,430,carnavalnegrosyblancos,https://www.instagram.com/p/Bbu5P83DauE/
2017-11-09,431,carnavalnegrosyblancos,https://www.instagram.com/p/BbSzcICDFBj/
2017-11-03,432,carnavalnegrosyblancos,https://www.instagram.com/p/BbC2zzZj2o2/
2017-11-03,433,carnavalnegrosyblancos,https://www.instagram.com/p/BbCwOoYDJHr/
2017-11-03,434,carnavalnegrosyblancos,https://www.instagram.com/p/BbCsPo7D5h_/
2017-11-03,435,carnavalnegrosyblancos,https://www.instagram.com/p/BbCnBYQjb1X/
2017-11-03,436,carnavalnegrosyblancos,https://www.instagram.com/p/BbCmLOVjwrR/
2017-11-03,437,carnavalnegrosyblancos,https://www.instagram.com/p/BbCcOzEjcbi/
2017-11-02,438,carnavalnegrosyblancos,https://www.instagram.com/p/Ba-b1QtDfgZ/
2017-10-30,439,carnavalnegrosyblancos,https://www.instagram.com/p/Ba4jnQvD9Wa/
2017-10-27,440,carnavalnegrosyblancos,https://www.instagram.com/p/Bau0jv2Dy2u/
2017-10-21,441,carnavalnegrosyblancos,https://www.instagram.com/p/BafVhSJDBZu/
2017-10-20,442,carnavalnegrosyblancos,https://www.instagram.com/p/Bac3EU2DgBw/
2017-10-15,443,carnavalnegrosyblancos,https://www.instagram.com/p/BaQD_o3DLc_/
2017-10-15,444,carnavalnegrosyblancos,https://www.instagram.com/p/BaP3RM1DVuS/
2017-10-14,445,carnavalnegrosyblancos,https://www.instagram.com/p/BaPw23yD-sK/
2017-10-09,446,carnavalnegrosyblancos,https://www.instagram.com/p/BaCVf29jfPs/
2017-10-09,447,carnavalnegrosyblancos,https://www.instagram.com/p/BaCHOd5DfmK/
2017-10-08,448,carnavalnegrosyblancos,https://www.instagram.com/p/BaAXpWpDNks/
2017-10-08,449,carnavalnegrosyblancos,https://www.instagram.com/p/BaABd_pjHvM/
2017-10-08,450,carnavalnegrosyblancos,https://www.instagram.com/p/BZ_up2fDO73/
2017-10-07,451,carnavalnegrosyblancos,https://www.instagram.com/p/BZ9HNvIDzHd/
2017-10-07,452,carnavalnegrosyblancos,https://www.instagram.com/p/BZ9GiCwDyWP/
2017-10-07,453,carnavalnegrosyblancos,https://www.instagram.com/p/BZ85lcTDjfU/
2017-10-05,454,carnavalnegrosyblancos,https://www.instagram.com/p/BZ4j5JPDe6s/
2017-10-05,455,carnavalnegrosyblancos,https://www.instagram.com/p/BZ2fjtiDmGW/
2017-10-04,456,carnavalnegrosyblancos,https://www.instagram.com/p/BZ2DMenD-aV/
2017-10-02,457,carnavalnegrosyblancos,https://www.instagram.com/p/BZv5bd2DQ8a/
2017-10-01,458,carnavalnegrosyblancos,https://www.instagram.com/p/BZtprmFDPrt/
2017-10-01,459,carnavalnegrosyblancos,https://www.instagram.com/p/BZtD8bAD879/
2017-09-30,460,carnavalnegrosyblancos,https://www.instagram.com/p/BZrn9QcDr0w/
2017-09-28,461,carnavalnegrosyblancos,https://www.instagram.com/p/BZlHJ3vDzg9/
2017-09-26,462,carnavalnegrosyblancos,https://www.instagram.com/p/BZfVvjTDrtD/
2017-09-25,463,carnavalnegrosyblancos,https://www.instagram.com/p/BZcZzSAj4kB/
2017-09-23,464,carnavalnegrosyblancos,https://www.instagram.com/p/BZZANR6jx0Q/
2017-09-17,465,carnavalnegrosyblancos,https://www.instagram.com/p/BZJnTB4BUtG/
2017-09-14,466,carnavalnegrosyblancos,https://www.instagram.com/p/BZBv5wUjleF/
2017-09-04,467,carnavalnegrosyblancos,https://www.instagram.com/p/BYmgpeBj6mi/
2017-08-31,468,carnavalnegrosyblancos,https://www.instagram.com/p/BYdqem6Dk-e/
2017-08-01,469,carnavalnegrosyblancos,https://www.instagram.com/p/BXP-z1bBTnE/
2017-07-30,470,carnavalnegrosyblancos,https://www.instagram.com/p/BXJnQMshyJ4/
2017-07-29,471,carnavalnegrosyblancos,https://www.instagram.com/p/BXJcqwnhTVv/
2017-07-29,472,carnavalnegrosyblancos,https://www.instagram.com/p/BXItxPEhYUZ/
2017-07-26,473,carnavalnegrosyblancos,https://www.instagram.com/p/BXBBcQKBXsC/
2017-07-20,474,carnavalnegrosyblancos,https://www.instagram.com/p/BWxqIXJhnKX/
2017-07-16,475,carnavalnegrosyblancos,https://www.instagram.com/p/BWn8s2kBKDh/
2017-07-14,476,carnavalnegrosyblancos,https://www.instagram.com/p/BWi5sdCB7dB/
2017-07-09,477,carnavalnegrosyblancos,https://www.instagram.com/p/BWTzRyhByf1/
2017-07-07,478,carnavalnegrosyblancos,https://www.instagram.com/p/BWP7-JXB6lM/
2017-07-06,479,carnavalnegrosyblancos,https://www.instagram.com/p/BWOKwv6hjet/
2017-07-05,480,carnavalnegrosyblancos,https://www.instagram.com/p/BWJXox0hDAU/
2017-07-02,481,carnavalnegrosyblancos,https://www.instagram.com/p/BWB5tRbhJy0/
2017-06-27,482,carnavalnegrosyblancos,https://www.instagram.com/p/BV02UqnhRuL/
2017-06-27,483,carnavalnegrosyblancos,https://www.instagram.com/p/BV01oqKBEsy/
2017-06-24,484,carnavalnegrosyblancos,https://www.instagram.com/p/BVvMBQmjS7o/
2017-06-24,485,carnavalnegrosyblancos,https://www.instagram.com/p/BVvFpYuj8ZK/
2017-06-24,486,carnavalnegrosyblancos,https://www.instagram.com/p/BVu87A6jlk9/
2017-06-24,487,carnavalnegrosyblancos,https://www.instagram.com/p/BVuX9_chDvf/
2017-06-24,488,carnavalnegrosyblancos,https://www.instagram.com/p/BVtEI_Zh6y0/
2017-06-21,489,carnavalnegrosyblancos,https://www.instagram.com/p/BVnSAjnjPMI/
2017-06-21,490,carnavalnegrosyblancos,https://www.instagram.com/p/BVmxPAoj_AG/
2017-06-21,491,carnavalnegrosyblancos,https://www.instagram.com/p/BVlMsNKD9sh/
2017-06-20,492,carnavalnegrosyblancos,https://www.instagram.com/p/BVkeTcoDxj4/
2017-06-20,493,carnavalnegrosyblancos,https://www.instagram.com/p/BVkP_F-DNFM/
2017-06-18,494,carnavalnegrosyblancos,https://www.instagram.com/p/BVff0zMjcZ-/
2017-06-18,495,carnavalnegrosyblancos,https://www.instagram.com/p/BVfEbA6DVN5/
2017-06-08,496,carnavalnegrosyblancos,https://www.instagram.com/p/BVFdUjIDcXg/
2017-06-07,497,carnavalnegrosyblancos,https://www.instagram.com/p/BVBRLETjJlM/
2017-06-01,498,carnavalnegrosyblancos,https://www.instagram.com/p/BUzP4RAhNHA/
2017-05-27,499,carnavalnegrosyblancos,https://www.instagram.com/p/BUmdcbODJYI/
2017-05-27,500,carnavalnegrosyblancos,https://www.instagram.com/p/BUmc3zODSIY/
2017-05-24,501,carnavalnegrosyblancos,https://www.instagram.com/p/BUdQGpAjTR1/
2017-05-24,502,carnavalnegrosyblancos,https://www.instagram.com/p/BUdN7Q_D6-C/
2017-05-23,503,carnavalnegrosyblancos,https://www.instagram.com/p/BUarokVjyrr/
2017-05-18,504,carnavalnegrosyblancos,https://www.instagram.com/p/BUQEDx9DXaQ/
2017-05-13,505,carnavalnegrosyblancos,https://www.instagram.com/p/BUDMWv-Dgxl/
2017-05-12,506,carnavalnegrosyblancos,https://www.instagram.com/p/BUAgpYBjohq/
2017-05-12,507,carnavalnegrosyblancos,https://www.instagram.com/p/BT_1fixjksY/
2017-05-12,508,carnavalnegrosyblancos,https://www.instagram.com/p/BT_1OBBj5YA/
2017-05-10,509,carnavalnegrosyblancos,https://www.instagram.com/p/BT7j1fZjAru/
2017-05-07,510,carnavalnegrosyblancos,https://www.instagram.com/p/BTxZVxTDsdZ/
2017-05-06,511,carnavalnegrosyblancos,https://www.instagram.com/p/BTw2NXDDzQ3/
2017-05-06,512,carnavalnegrosyblancos,https://www.instagram.com/p/BTwksLiDzXw/
2017-05-06,513,carnavalnegrosyblancos,https://www.instagram.com/p/BTwkCR9j7V1/
2017-05-05,514,carnavalnegrosyblancos,https://www.instagram.com/p/BTtbuMmB-bo/
2017-05-05,515,carnavalnegrosyblancos,https://www.instagram.com/p/BTsTXNqBHOX/
2017-05-03,516,carnavalnegrosyblancos,https://www.instagram.com/p/BTpQciXhjSC/
2017-04-29,517,carnavalnegrosyblancos,https://www.instagram.com/p/BTfLz3qjHIH/
2017-04-28,518,carnavalnegrosyblancos,https://www.instagram.com/p/BTcrIPHDln7/
2017-04-23,519,carnavalnegrosyblancos,https://www.instagram.com/p/BTNzcw4j2fd/
2017-04-23,520,carnavalnegrosyblancos,https://www.instagram.com/p/BTNwlV2DIGn/
2017-04-22,521,carnavalnegrosyblancos,https://www.instagram.com/p/BTMuR5JDM3t/
2017-04-06,522,carnavalnegrosyblancos,https://www.instagram.com/p/BSjIk6QjBe-/
2017-04-04,523,carnavalnegrosyblancos,https://www.instagram.com/p/BSchs80jsuG/
2017-04-01,524,carnavalnegrosyblancos,https://www.instagram.com/p/BSW6xRejVWp/
2017-04-01,525,carnavalnegrosyblancos,https://www.instagram.com/p/BSW5rfcjMHp/
2017-03-29,526,carnavalnegrosyblancos,https://www.instagram.com/p/BSPOKrND8Re/
2017-03-27,527,carnavalnegrosyblancos,https://www.instagram.com/p/BSJiA6WDgdk/
2017-03-16,528,carnavalnegrosyblancos,https://www.instagram.com/p/BRs8NOpDy9a/
2017-03-15,529,carnavalnegrosyblancos,https://www.instagram.com/p/BRqobhiDyJq/
2017-03-10,530,carnavalnegrosyblancos,https://www.instagram.com/p/BRdcdR9jixp/
2017-03-08,531,carnavalnegrosyblancos,https://www.instagram.com/p/BRZHlaKjIus/
2017-03-07,532,carnavalnegrosyblancos,https://www.instagram.com/p/BRWfBPljZPX/
2017-03-07,533,carnavalnegrosyblancos,https://www.instagram.com/p/BRWDkw2jjWP/
2017-03-04,534,carnavalnegrosyblancos,https://www.instagram.com/p/BRM1DjwDayX/
2017-03-01,535,carnavalnegrosyblancos,https://www.instagram.com/p/BRHMRMDB4rG/
2017-02-13,536,carnavalnegrosyblancos,https://www.instagram.com/p/BQdaBwAj3a5/
2017-02-11,537,carnavalnegrosyblancos,https://www.instagram.com/p/BQWdJgKDu9q/
2017-02-10,538,carnavalnegrosyblancos,https://www.instagram.com/p/BQWZqdjjf6L/
2017-02-10,539,carnavalnegrosyblancos,https://www.instagram.com/p/BQWYbfADtkO/
2017-02-04,540,carnavalnegrosyblancos,https://www.instagram.com/p/BQGHt6tDVpb/
2017-02-03,541,carnavalnegrosyblancos,https://www.instagram.com/p/BQB5bcsjVb8/
2017-02-02,542,carnavalnegrosyblancos,https://www.instagram.com/p/BQBxH1TDC7c/
2017-01-28,543,carnavalnegrosyblancos,https://www.instagram.com/p/BP0Tv0TjITc/
2017-01-23,544,carnavalnegrosyblancos,https://www.instagram.com/p/BPlnMmcj1bk/
2017-01-12,545,carnavalnegrosyblancos,https://www.instagram.com/p/BPLd2rVDWJI/
2017-01-09,546,carnavalnegrosyblancos,https://www.instagram.com/p/BPBttCoD_YY/
2017-01-07,547,carnavalnegrosyblancos,https://www.instagram.com/p/BO9_UPyD1Qz/
2017-01-07,548,carnavalnegrosyblancos,https://www.instagram.com/p/BO8p8ChjkZ6/
2017-01-06,549,carnavalnegrosyblancos,https://www.instagram.com/p/BO7fWaXjzni/
2017-01-05,550,carnavalnegrosyblancos,https://www.instagram.com/p/BO5dvbIDJPS/
2017-01-05,551,carnavalnegrosyblancos,https://www.instagram.com/p/BO5GRZGD7oz/
2017-01-05,552,carnavalnegrosyblancos,https://www.instagram.com/p/BO44H5mDpaO/
2017-01-05,553,carnavalnegrosyblancos,https://www.instagram.com/p/BO42ePhDN97/
2017-01-05,554,carnavalnegrosyblancos,https://www.instagram.com/p/BO3iboQDABS/
2017-01-05,555,carnavalnegrosyblancos,https://www.instagram.com/p/BO3K2ckj-AI/
2017-01-04,556,carnavalnegrosyblancos,https://www.instagram.com/p/BO3EwUbj-Sq/
2017-01-04,557,carnavalnegrosyblancos,https://www.instagram.com/p/BO2zQoKDrlY/
2017-01-04,558,carnavalnegrosyblancos,https://www.instagram.com/p/BO1H0LXjnlW/
2017-01-04,559,carnavalnegrosyblancos,https://www.instagram.com/p/BO1Ht8iDWeu/
2017-01-04,560,carnavalnegrosyblancos,https://www.instagram.com/p/BO1F0CZj_xN/
2017-01-04,561,carnavalnegrosyblancos,https://www.instagram.com/p/BO07pgIjKqy/
2017-01-04,562,carnavalnegrosyblancos,https://www.instagram.com/p/BO06m0TDSIE/
2017-01-04,563,carnavalnegrosyblancos,https://www.instagram.com/p/BO06gCDDt9W/
2017-01-03,564,carnavalnegrosyblancos,https://www.instagram.com/p/BOz9TuJDeZn/
2017-01-03,565,carnavalnegrosyblancos,https://www.instagram.com/p/BOykxwLD5pa/
2017-01-02,566,carnavalnegrosyblancos,https://www.instagram.com/p/BOw32BMjONr/
2017-01-02,567,carnavalnegrosyblancos,https://www.instagram.com/p/BOvw89zj6aW/
2016-12-31,568,carnavalnegrosyblancos,https://www.instagram.com/p/BOs19vtDuLL/
2016-12-31,569,carnavalnegrosyblancos,https://www.instagram.com/p/BOr9AzVjKo8/
2016-12-31,570,carnavalnegrosyblancos,https://www.instagram.com/p/BOr5EfZjx0a/
2016-12-31,571,carnavalnegrosyblancos,https://www.instagram.com/p/BOrvuKajf6t/
2016-12-31,572,carnavalnegrosyblancos,https://www.instagram.com/p/BOrvrWQDPpF/
2016-12-31,573,carnavalnegrosyblancos,https://www.instagram.com/p/BOqeeMYD9Ew/
2016-12-31,574,carnavalnegrosyblancos,https://www.instagram.com/p/BOqXgiMjKmd/
2016-12-30,575,carnavalnegrosyblancos,https://www.instagram.com/p/BOpIrbujqhC/
2016-12-30,576,carnavalnegrosyblancos,https://www.instagram.com/p/BOnu3QDDt92/
2016-12-29,577,carnavalnegrosyblancos,https://www.instagram.com/p/BOlNrSVDWrO/
2016-12-29,578,carnavalnegrosyblancos,https://www.instagram.com/p/BOlNhI7DSUP/
2016-12-29,579,carnavalnegrosyblancos,https://www.instagram.com/p/BOlNg3KDGF9/
2016-12-29,580,carnavalnegrosyblancos,https://www.instagram.com/p/BOlNf_3D0dR/
2016-12-27,581,carnavalnegrosyblancos,https://www.instagram.com/p/BOiiyd5jqSm/
2016-12-27,582,carnavalnegrosyblancos,https://www.instagram.com/p/BOh8i4Zj8iX/
2016-12-27,583,carnavalnegrosyblancos,https://www.instagram.com/p/BOgL1XqjuH_/
2016-12-27,584,carnavalnegrosyblancos,https://www.instagram.com/p/BOgK08mjjNr/
2016-12-27,585,carnavalnegrosyblancos,https://www.instagram.com/p/BOgKnbRD0yN/
2016-12-27,586,carnavalnegrosyblancos,https://www.instagram.com/p/BOgJo5ZDvOV/
2016-12-27,587,carnavalnegrosyblancos,https://www.instagram.com/p/BOgJMLwDHc6/
2016-12-27,588,carnavalnegrosyblancos,https://www.instagram.com/p/BOgIpM3DAuD/
2016-12-27,589,carnavalnegrosyblancos,https://www.instagram.com/p/BOgIAZqDZTu/
2016-12-26,590,carnavalnegrosyblancos,https://www.instagram.com/p/BOfH7pHjMrU/
2016-12-25,591,carnavalnegrosyblancos,https://www.instagram.com/p/BObRJf3jfsw/
2016-12-22,592,carnavalnegrosyblancos,https://www.instagram.com/p/BOVWIcYjL_Q/
2016-12-21,593,carnavalnegrosyblancos,https://www.instagram.com/p/BOS-w_BjOIW/
2016-12-21,594,carnavalnegrosyblancos,https://www.instagram.com/p/BOSFjsWDcFb/
2016-12-19,595,carnavalnegrosyblancos,https://www.instagram.com/p/BONHSidjzC8/
2016-12-16,596,carnavalnegrosyblancos,https://www.instagram.com/p/BOFzz8NDF8_/
2016-12-16,597,carnavalnegrosyblancos,https://www.instagram.com/p/BOEBPiyjiP1/
2016-12-16,598,carnavalnegrosyblancos,https://www.instagram.com/p/BOD_aEHjcxW/
2016-12-15,599,carnavalnegrosyblancos,https://www.instagram.com/p/BODF6TAjrvY/
2016-12-15,600,carnavalnegrosyblancos,https://www.instagram.com/p/BOCdcrqjTCK/
2016-12-15,601,carnavalnegrosyblancos,https://www.instagram.com/p/BOBMIJgjUN6/
2016-12-12,602,carnavalnegrosyblancos,https://www.instagram.com/p/BN7akgZjo9p/
2016-12-10,603,carnavalnegrosyblancos,https://www.instagram.com/p/BN0qSCXj8G8/
2016-12-07,604,carnavalnegrosyblancos,https://www.instagram.com/p/BNuWWfkDQ25/
2016-12-06,605,carnavalnegrosyblancos,https://www.instagram.com/p/BNsKBUbjg-7/
2016-12-04,606,carnavalnegrosyblancos,https://www.instagram.com/p/BNk5LhvDZnf/
2016-12-03,607,carnavalnegrosyblancos,https://www.instagram.com/p/BNj1dy4jnMA/
2016-12-03,608,carnavalnegrosyblancos,https://www.instagram.com/p/BNjyqXJjhBZ/
2016-12-02,609,carnavalnegrosyblancos,https://www.instagram.com/p/BNhNNDZDLCQ/
2016-12-02,610,carnavalnegrosyblancos,https://www.instagram.com/p/BNfuGDhDpRF/
2016-12-01,611,carnavalnegrosyblancos,https://www.instagram.com/p/BNeueJMDNCI/
2016-12-01,612,carnavalnegrosyblancos,https://www.instagram.com/p/BNeuEUgjs_f/
2016-12-01,613,carnavalnegrosyblancos,https://www.instagram.com/p/BNesabPjxIq/
2016-12-01,614,carnavalnegrosyblancos,https://www.instagram.com/p/BNePbzHDD_T/
2016-12-01,615,carnavalnegrosyblancos,https://www.instagram.com/p/BNdDkCjj-Km/
2016-11-30,616,carnavalnegrosyblancos,https://www.instagram.com/p/BNc3pMzjQ-L/
2016-11-30,617,carnavalnegrosyblancos,https://www.instagram.com/p/BNcxDH_jDcj/
2016-11-30,618,carnavalnegrosyblancos,https://www.instagram.com/p/BNcZvByD-BY/
2016-11-30,619,carnavalnegrosyblancos,https://www.instagram.com/p/BNcZgm1Du0W/
2016-11-30,620,carnavalnegrosyblancos,https://www.instagram.com/p/BNcZOOsDZjB/
2016-11-30,621,carnavalnegrosyblancos,https://www.instagram.com/p/BNcZEEQD3rZ/
2016-11-29,622,carnavalnegrosyblancos,https://www.instagram.com/p/BNabFV6Dq-R/
2016-11-29,623,carnavalnegrosyblancos,https://www.instagram.com/p/BNaRimVjg2k/
2016-11-29,624,carnavalnegrosyblancos,https://www.instagram.com/p/BNX-UUFDaKP/
2016-11-28,625,carnavalnegrosyblancos,https://www.instagram.com/p/BNVuIzNjytl/
2016-11-27,626,carnavalnegrosyblancos,https://www.instagram.com/p/BNSwqA_jPtN/
2016-11-27,627,carnavalnegrosyblancos,https://www.instagram.com/p/BNSwTBJjE-V/
2016-11-26,628,carnavalnegrosyblancos,https://www.instagram.com/p/BNSeJoljL3q/
2016-11-26,629,carnavalnegrosyblancos,https://www.instagram.com/p/BNSRHjpDeAB/
2016-11-25,630,carnavalnegrosyblancos,https://www.instagram.com/p/BNPK4yoDJCy/
2016-11-24,631,carnavalnegrosyblancos,https://www.instagram.com/p/BNM_sfTjga1/
2016-11-23,632,carnavalnegrosyblancos,https://www.instagram.com/p/BNKTye9j-F2/
2016-11-23,633,carnavalnegrosyblancos,https://www.instagram.com/p/BNKEO48jg_b/
2016-11-21,634,carnavalnegrosyblancos,https://www.instagram.com/p/BNE-2H0jUtD/
2016-11-19,635,carnavalnegrosyblancos,https://www.instagram.com/p/BM-JW2vjAjL/
2016-11-18,636,carnavalnegrosyblancos,https://www.instagram.com/p/BM82uYgD6Dm/
2016-11-18,637,carnavalnegrosyblancos,https://www.instagram.com/p/BM78d3DjlRl/
2016-11-16,638,carnavalnegrosyblancos,https://www.instagram.com/p/BM476GejhwM/
2016-11-12,639,carnavalnegrosyblancos,https://www.instagram.com/p/BMuFUDQDLwj/
2016-11-11,640,carnavalnegrosyblancos,https://www.instagram.com/p/BMrxslmjNBw/
2016-11-10,641,carnavalnegrosyblancos,https://www.instagram.com/p/BMnIZOYja37/
2016-11-09,642,carnavalnegrosyblancos,https://www.instagram.com/p/BMkomFzDHuT/
2016-11-05,643,carnavalnegrosyblancos,https://www.instagram.com/p/BMchRnuj1_y/
2016-11-03,644,carnavalnegrosyblancos,https://www.instagram.com/p/BMXDeRiDYp6/
2016-11-02,645,carnavalnegrosyblancos,https://www.instagram.com/p/BMUILLij5nn/
2016-11-01,646,carnavalnegrosyblancos,https://www.instagram.com/p/BMR_Spgjj6v/
2016-10-24,647,carnavalnegrosyblancos,https://www.instagram.com/p/BL9BFozjRWS/
2016-10-22,648,carnavalnegrosyblancos,https://www.instagram.com/p/BL3vzULDF0g/
2016-10-16,649,carnavalnegrosyblancos,https://www.instagram.com/p/BLov3aADw3u/
2016-10-16,650,carnavalnegrosyblancos,https://www.instagram.com/p/BLoRrDNj-Hr/
2016-10-16,651,carnavalnegrosyblancos,https://www.instagram.com/p/BLoOR5hDXy6/
2016-10-14,652,carnavalnegrosyblancos,https://www.instagram.com/p/BLjwVdQDbV6/
2016-10-14,653,carnavalnegrosyblancos,https://www.instagram.com/p/BLjnSRfj_1R/
2016-10-13,654,carnavalnegrosyblancos,https://www.instagram.com/p/BLgsxH2Drtg/
2016-10-12,655,carnavalnegrosyblancos,https://www.instagram.com/p/BLccAVnjWYG/
2016-10-06,656,carnavalnegrosyblancos,https://www.instagram.com/p/BLOnPx9j9Jh/
2016-10-05,657,carnavalnegrosyblancos,https://www.instagram.com/p/BLMXuxqj0nB/
2016-10-04,658,carnavalnegrosyblancos,https://www.instagram.com/p/BLHxtyjjyHy/
2016-10-01,659,carnavalnegrosyblancos,https://www.instagram.com/p/BLCgEBbDbNE/
2016-09-30,660,carnavalnegrosyblancos,https://www.instagram.com/p/BK_KrbjDcWa/
2016-09-26,661,carnavalnegrosyblancos,https://www.instagram.com/p/BK1XMPQDy5Y/
2016-09-20,662,carnavalnegrosyblancos,https://www.instagram.com/p/BKlfs5WhoPc/
2016-09-17,663,carnavalnegrosyblancos,https://www.instagram.com/p/BKd1EjchsXb/
2016-09-15,664,carnavalnegrosyblancos,https://www.instagram.com/p/BKYfEAeBvb_/
2016-09-13,665,carnavalnegrosyblancos,https://www.instagram.com/p/BKTfL93BuEf/
2016-09-11,666,carnavalnegrosyblancos,https://www.instagram.com/p/BKOkk-9BfI7/
2016-09-02,667,carnavalnegrosyblancos,https://www.instagram.com/p/BJ3npMwBz5c/
2016-09-01,668,carnavalnegrosyblancos,https://www.instagram.com/p/BJ0c3y1hl2G/
2016-08-31,669,carnavalnegrosyblancos,https://www.instagram.com/p/BJyji2nB-25/
2016-08-30,670,carnavalnegrosyblancos,https://www.instagram.com/p/BJv-U7yhvZ8/
2016-08-29,671,carnavalnegrosyblancos,https://www.instagram.com/p/BJtedV2hVEs/
2016-08-27,672,carnavalnegrosyblancos,https://www.instagram.com/p/BJnW1l2BLPZ/
2016-08-25,673,carnavalnegrosyblancos,https://www.instagram.com/p/BJjMh-3hkuk/
2016-08-22,674,carnavalnegrosyblancos,https://www.instagram.com/p/BJaw9K8haBA/
2016-08-18,675,carnavalnegrosyblancos,https://www.instagram.com/p/BJRGhnfhv_5/
2016-08-18,676,carnavalnegrosyblancos,https://www.instagram.com/p/BJOukBvBD6M/
2016-08-17,677,carnavalnegrosyblancos,https://www.instagram.com/p/BJOpxUaBsdK/
2016-08-17,678,carnavalnegrosyblancos,https://www.instagram.com/p/BJOlfc1Bgf-/
2016-08-17,679,carnavalnegrosyblancos,https://www.instagram.com/p/BJN9ipQBLX1/
2016-08-15,680,carnavalnegrosyblancos,https://www.instagram.com/p/BJJgmvLh8zz/
2016-08-06,681,carnavalnegrosyblancos,https://www.instagram.com/p/BIwTmqEBpTQ/
2016-08-02,682,carnavalnegrosyblancos,https://www.instagram.com/p/BIn8X-ZhPrk/
2016-08-02,683,carnavalnegrosyblancos,https://www.instagram.com/p/BInp0J9BeSO/
2016-08-01,684,carnavalnegrosyblancos,https://www.instagram.com/p/BIkkeTyBVLK/
2016-08-01,685,carnavalnegrosyblancos,https://www.instagram.com/p/BIkjdfYho4Y/
2016-07-27,686,carnavalnegrosyblancos,https://www.instagram.com/p/BIXOSLZB3ow/
2016-07-25,687,carnavalnegrosyblancos,https://www.instagram.com/p/BITVPCfBUJW/
2016-07-22,688,carnavalnegrosyblancos,https://www.instagram.com/p/BIJjfR1hKrz/
2016-07-21,689,carnavalnegrosyblancos,https://www.instagram.com/p/BIJAzNfBnKP/
2016-07-16,690,carnavalnegrosyblancos,https://www.instagram.com/p/BH79RNbBkvw/
2016-07-16,691,carnavalnegrosyblancos,https://www.instagram.com/p/BH7QbaqhGVp/
2016-07-14,692,carnavalnegrosyblancos,https://www.instagram.com/p/BH031Mfhmjx/
2016-07-08,693,carnavalnegrosyblancos,https://www.instagram.com/p/BHnXMxjBxeS/
2016-07-04,694,carnavalnegrosyblancos,https://www.instagram.com/p/BHa8VoNBm_d/
2016-07-01,695,carnavalnegrosyblancos,https://www.instagram.com/p/BHUos1JhMwp/
2016-06-30,696,carnavalnegrosyblancos,https://www.instagram.com/p/BHS9VKThnxF/
2016-06-24,697,carnavalnegrosyblancos,https://www.instagram.com/p/BHC0VoHhYYd/
2016-06-22,698,carnavalnegrosyblancos,https://www.instagram.com/p/BG9jlLaDLmS/
2016-06-19,699,carnavalnegrosyblancos,https://www.instagram.com/p/BG1s9KqDLrG/
2016-06-16,700,carnavalnegrosyblancos,https://www.instagram.com/p/BGuyaqVjLvb/
2016-06-15,701,carnavalnegrosyblancos,https://www.instagram.com/p/BGsbQfKjLgi/
2016-06-13,702,carnavalnegrosyblancos,https://www.instagram.com/p/BGmZUq3jLpw/
2016-06-09,703,carnavalnegrosyblancos,https://www.instagram.com/p/BGcLQ-WjLnV/
2016-06-07,704,carnavalnegrosyblancos,https://www.instagram.com/p/BGXrEwkjLjs/
2016-06-01,705,carnavalnegrosyblancos,https://www.instagram.com/p/BGHjXnFDLvs/
2016-05-26,706,carnavalnegrosyblancos,https://www.instagram.com/p/BF4kwLRjLgZ/
2016-05-25,707,carnavalnegrosyblancos,https://www.instagram.com/p/BF2VMdVjLm2/
2016-05-25,708,carnavalnegrosyblancos,https://www.instagram.com/p/BF1xzl3jLmI/
2016-05-22,709,carnavalnegrosyblancos,https://www.instagram.com/p/BFsQYHtDLl9/
2016-05-21,710,carnavalnegrosyblancos,https://www.instagram.com/p/BFr7EZYDLo_/
2016-05-21,711,carnavalnegrosyblancos,https://www.instagram.com/p/BFrNOyjjLsj/
2016-05-08,712,carnavalnegrosyblancos,https://www.instagram.com/p/BFJJukbDLoG/
2016-05-06,713,carnavalnegrosyblancos,https://www.instagram.com/p/BFFQC0eDLpT/
2016-05-02,714,carnavalnegrosyblancos,https://www.instagram.com/p/BE6VjIrjLnk/
2016-04-30,715,carnavalnegrosyblancos,https://www.instagram.com/p/BE07GEdjLh7/
2016-04-29,716,carnavalnegrosyblancos,https://www.instagram.com/p/BEzMD7zjLu6/
2016-04-15,717,carnavalnegrosyblancos,https://www.instagram.com/p/BEMzOGeDLvl/
2016-04-13,718,carnavalnegrosyblancos,https://www.instagram.com/p/BEJsqKCDLrH/
2016-04-01,719,carnavalnegrosyblancos,https://www.instagram.com/p/BDqvUlGjLoS/
2016-03-31,720,carnavalnegrosyblancos,https://www.instagram.com/p/BDobNrHjLnY/
2016-03-18,721,carnavalnegrosyblancos,https://www.instagram.com/p/BDG-uEkjLiW/
2016-03-15,722,carnavalnegrosyblancos,https://www.instagram.com/p/BC_DOPPjLkv/
2016-03-12,723,carnavalnegrosyblancos,https://www.instagram.com/p/BC2ymUHjLgj/
2016-03-08,724,carnavalnegrosyblancos,https://www.instagram.com/p/BCtL9pWjLhs/
2016-03-06,725,carnavalnegrosyblancos,https://www.instagram.com/p/BCl7mQJjLl9/
2016-03-03,726,carnavalnegrosyblancos,https://www.instagram.com/p/BCgh_iTjLtR/
2016-02-28,727,carnavalnegrosyblancos,https://www.instagram.com/p/BCUGGtYDLps/
2016-02-27,728,carnavalnegrosyblancos,https://www.instagram.com/p/BCTRDyvjLi1/
2016-02-19,729,carnavalnegrosyblancos,https://www.instagram.com/p/BB9EYhjjLoS/
2016-02-09,730,carnavalnegrosyblancos,https://www.instagram.com/p/BBkRH81DLgN/
2016-02-03,731,carnavalnegrosyblancos,https://www.instagram.com/p/BBV2PXejLoX/
2016-01-15,732,carnavalnegrosyblancos,https://www.instagram.com/p/BAjG0GKDLnu/
2016-01-15,733,carnavalnegrosyblancos,https://www.instagram.com/p/BAjF7mLjLmk/
2016-01-15,734,carnavalnegrosyblancos,https://www.instagram.com/p/BAjD2rCDLkI/
2016-01-08,735,carnavalnegrosyblancos,https://www.instagram.com/p/BAQwQYpjLup/
2016-01-08,736,carnavalnegrosyblancos,https://www.instagram.com/p/BAQmYL4DLg_/
2016-01-07,737,carnavalnegrosyblancos,https://www.instagram.com/p/BAOFBC3DLol/
2016-01-06,738,carnavalnegrosyblancos,https://www.instagram.com/p/BANF9O9DLn7/
2016-01-06,739,carnavalnegrosyblancos,https://www.instagram.com/p/BANEyxUDLlL/
2016-01-06,740,carnavalnegrosyblancos,https://www.instagram.com/p/BALynehjLlm/
2016-01-05,741,carnavalnegrosyblancos,https://www.instagram.com/p/BAJQgoLjLqn/
2016-01-04,742,carnavalnegrosyblancos,https://www.instagram.com/p/BAIleqXjLg6/
2016-01-04,743,carnavalnegrosyblancos,https://www.instagram.com/p/BAIeiAuDLj7/
2016-01-04,744,carnavalnegrosyblancos,https://www.instagram.com/p/BAIHyX7DLg9/
2016-01-04,745,carnavalnegrosyblancos,https://www.instagram.com/p/BAGTO5-jLsb/
2016-01-04,746,carnavalnegrosyblancos,https://www.instagram.com/p/BAGS8MxjLr2/
2016-01-03,747,carnavalnegrosyblancos,https://www.instagram.com/p/BAFx9ZMDLiQ/
2016-01-03,748,carnavalnegrosyblancos,https://www.instagram.com/p/BAFs-K8jLmd/
2016-01-03,749,carnavalnegrosyblancos,https://www.instagram.com/p/BAFrIfqjLib/
2016-01-03,750,carnavalnegrosyblancos,https://www.instagram.com/p/BAFjmiHjLvp/
2016-01-03,751,carnavalnegrosyblancos,https://www.instagram.com/p/BAFIG8ojLuw/
2016-01-03,752,carnavalnegrosyblancos,https://www.instagram.com/p/BADlvLODLlM/
2016-01-02,753,carnavalnegrosyblancos,https://www.instagram.com/p/BACn9y8jLsD/
2016-01-02,754,carnavalnegrosyblancos,https://www.instagram.com/p/BACl8BVjLm3/
2016-01-02,755,carnavalnegrosyblancos,https://www.instagram.com/p/BACbEWEDLrk/
2016-01-02,756,carnavalnegrosyblancos,https://www.instagram.com/p/BACarGzjLqt/
2016-01-01,757,carnavalnegrosyblancos,https://www.instagram.com/p/BAAxUU4DLry/
2016-01-01,758,carnavalnegrosyblancos,https://www.instagram.com/p/BAAxDwaDLrI/
2016-01-01,759,carnavalnegrosyblancos,https://www.instagram.com/p/BAAw67pjLq2/
2016-01-01,760,carnavalnegrosyblancos,https://www.instagram.com/p/BAAOilXjLlO/
2016-01-01,761,carnavalnegrosyblancos,https://www.instagram.com/p/__YxOajLru/
2015-12-31,762,carnavalnegrosyblancos,https://www.instagram.com/p/_-A_0WDLlZ/
2015-12-31,763,carnavalnegrosyblancos,https://www.instagram.com/p/_9yaEBjLpR/
2015-12-31,764,carnavalnegrosyblancos,https://www.instagram.com/p/_9pJU9jLqf/
2015-12-31,765,carnavalnegrosyblancos,https://www.instagram.com/p/_9ggx-jLgX/
2015-12-31,766,carnavalnegrosyblancos,https://www.instagram.com/p/_9aEjUjLuW/
2015-12-31,767,carnavalnegrosyblancos,https://www.instagram.com/p/_9O3K2jLhV/
2015-12-31,768,carnavalnegrosyblancos,https://www.instagram.com/p/_9OyhNDLhG/
2015-12-31,769,carnavalnegrosyblancos,https://www.instagram.com/p/_8dRp2jLqb/
2015-12-30,770,carnavalnegrosyblancos,https://www.instagram.com/p/_7F4kKDLkb/
2015-12-30,771,carnavalnegrosyblancos,https://www.instagram.com/p/_62HnTDLha/
2015-12-30,772,carnavalnegrosyblancos,https://www.instagram.com/p/_5pGATjLlP/
2015-12-29,773,carnavalnegrosyblancos,https://www.instagram.com/p/_5NrQTjLj3/
2015-12-29,774,carnavalnegrosyblancos,https://www.instagram.com/p/_5BQuqDLqt/
2015-12-29,775,carnavalnegrosyblancos,https://www.instagram.com/p/_4NMD5DLmi/
2015-12-29,776,carnavalnegrosyblancos,https://www.instagram.com/p/_3YFdeDLoC/
2015-12-29,777,carnavalnegrosyblancos,https://www.instagram.com/p/_3X5TfDLnw/
2015-12-29,778,carnavalnegrosyblancos,https://www.instagram.com/p/_3XpAdjLna/
2015-12-28,779,carnavalnegrosyblancos,https://www.instagram.com/p/_2Q1tkDLjz/
2015-12-28,780,carnavalnegrosyblancos,https://www.instagram.com/p/_2HTELDLsK/
2015-12-28,781,carnavalnegrosyblancos,https://www.instagram.com/p/_2HRz4DLsG/
2015-12-28,782,carnavalnegrosyblancos,https://www.instagram.com/p/_1iVMvDLoR/
2015-12-28,783,carnavalnegrosyblancos,https://www.instagram.com/p/_0UVMHDLpU/
2015-12-27,784,carnavalnegrosyblancos,https://www.instagram.com/p/_z0gVfjLjX/
2015-12-27,785,carnavalnegrosyblancos,https://www.instagram.com/p/_zZBT6jLvk/
2015-12-27,786,carnavalnegrosyblancos,https://www.instagram.com/p/_zH1LbjLh-/
2015-12-27,787,carnavalnegrosyblancos,https://www.instagram.com/p/_y-PULjLtW/
2015-12-27,788,carnavalnegrosyblancos,https://www.instagram.com/p/_xj6ZpDLm5/
2015-12-26,789,carnavalnegrosyblancos,https://www.instagram.com/p/_xc6hHDLpS/
2015-12-26,790,carnavalnegrosyblancos,https://www.instagram.com/p/_xQORfDLsv/
2015-12-26,791,carnavalnegrosyblancos,https://www.instagram.com/p/_xIE2rDLnm/
2015-12-26,792,carnavalnegrosyblancos,https://www.instagram.com/p/_w3w3EDLgC/
2015-12-26,793,carnavalnegrosyblancos,https://www.instagram.com/p/_w1SNUDLpw/
2015-12-25,794,carnavalnegrosyblancos,https://www.instagram.com/p/_u6dz6jLgX/
2015-12-24,795,carnavalnegrosyblancos,https://www.instagram.com/p/_roYzXDLrA/
2015-12-24,796,carnavalnegrosyblancos,https://www.instagram.com/p/_rQGeBDLsc/
2015-12-23,797,carnavalnegrosyblancos,https://www.instagram.com/p/_op1x6DLmm/
2015-12-23,798,carnavalnegrosyblancos,https://www.instagram.com/p/_naPMBDLiJ/
2015-12-22,799,carnavalnegrosyblancos,https://www.instagram.com/p/_nF31ijLuU/
2015-12-22,800,carnavalnegrosyblancos,https://www.instagram.com/p/_nFvbTjLuF/
2015-12-22,801,carnavalnegrosyblancos,https://www.instagram.com/p/_m8eQsDLqg/
2015-12-22,802,carnavalnegrosyblancos,https://www.instagram.com/p/_mcIfXjLnN/
2015-12-17,803,carnavalnegrosyblancos,https://www.instagram.com/p/_ZfvQWDLmD/
2015-12-16,804,carnavalnegrosyblancos,https://www.instagram.com/p/_VuN-uDLkH/
2015-12-15,805,carnavalnegrosyblancos,https://www.instagram.com/p/_SxRUjjLum/
2015-12-14,806,carnavalnegrosyblancos,https://www.instagram.com/p/_SHWO5DLlQ/
2015-12-13,807,carnavalnegrosyblancos,https://www.instagram.com/p/_PprAmDLjI/
2015-12-13,808,carnavalnegrosyblancos,https://www.instagram.com/p/_PMekFjLpm/
2015-12-13,809,carnavalnegrosyblancos,https://www.instagram.com/p/_PIFJvjLuO/
2015-12-10,810,carnavalnegrosyblancos,https://www.instagram.com/p/_H4SGaDLmz/
2015-12-10,811,carnavalnegrosyblancos,https://www.instagram.com/p/_GU6_sDLuo/
2015-12-10,812,carnavalnegrosyblancos,https://www.instagram.com/p/_GUrXEDLuW/
2015-12-10,813,carnavalnegrosyblancos,https://www.instagram.com/p/_F_sP-jLtf/
2015-12-10,814,carnavalnegrosyblancos,https://www.instagram.com/p/_F7PqxDLmy/
2015-12-09,815,carnavalnegrosyblancos,https://www.instagram.com/p/_FPB5uDLqJ/
2015-12-09,816,carnavalnegrosyblancos,https://www.instagram.com/p/_EsSXJjLuD/
2015-12-09,817,carnavalnegrosyblancos,https://www.instagram.com/p/_EhO11DLsp/
2015-12-09,818,carnavalnegrosyblancos,https://www.instagram.com/p/_EhMrcjLsk/
2015-12-09,819,carnavalnegrosyblancos,https://www.instagram.com/p/_DsQi3DLt8/
2015-12-08,820,carnavalnegrosyblancos,https://www.instagram.com/p/_AtWdSDLgs/
2015-12-04,821,carnavalnegrosyblancos,https://www.instagram.com/p/-4P2FtDLsa/
2015-12-03,822,carnavalnegrosyblancos,https://www.instagram.com/p/-10l8sDLrq/
2015-12-03,823,carnavalnegrosyblancos,https://www.instagram.com/p/-0Jj5jjLhf/
2015-12-01,824,carnavalnegrosyblancos,https://www.instagram.com/p/-wb6wPjLhE/
2015-11-27,825,carnavalnegrosyblancos,https://www.instagram.com/p/-mLumaDLtv/
2015-11-26,826,carnavalnegrosyblancos,https://www.instagram.com/p/-jff6KjLiL/
2015-11-26,827,carnavalnegrosyblancos,https://www.instagram.com/p/-jcduPDLra/
2015-11-25,828,carnavalnegrosyblancos,https://www.instagram.com/p/-gl04djLkB/
2015-11-25,829,carnavalnegrosyblancos,https://www.instagram.com/p/-fu4MUjLh5/
2015-11-25,830,carnavalnegrosyblancos,https://www.instagram.com/p/-fuu2tDLhx/
2015-11-25,831,carnavalnegrosyblancos,https://www.instagram.com/p/-fucsljLhf/
2015-11-24,832,carnavalnegrosyblancos,https://www.instagram.com/p/-fJ1PujLsK/
2015-11-24,833,carnavalnegrosyblancos,https://www.instagram.com/p/-ei1CXDLly/
2015-11-24,834,carnavalnegrosyblancos,https://www.instagram.com/p/-efIMmDLur/
2015-11-24,835,carnavalnegrosyblancos,https://www.instagram.com/p/-eV30LDLsj/
2015-11-21,836,carnavalnegrosyblancos,https://www.instagram.com/p/-WovoLjLiU/
2015-11-21,837,carnavalnegrosyblancos,https://www.instagram.com/p/-Wj3qhDLnK/
2015-11-21,838,carnavalnegrosyblancos,https://www.instagram.com/p/-U9A94DLil/
2015-11-19,839,carnavalnegrosyblancos,https://www.instagram.com/p/-R0e5tjLsO/
2015-11-18,840,carnavalnegrosyblancos,https://www.instagram.com/p/-OlI-_jLtv/
2015-11-18,841,carnavalnegrosyblancos,https://www.instagram.com/p/-OYOfmDLqt/
2015-11-16,842,carnavalnegrosyblancos,https://www.instagram.com/p/-Jxn0CjLog/
2015-11-15,843,carnavalnegrosyblancos,https://www.instagram.com/p/-H-_n4jLgr/
2015-11-13,844,carnavalnegrosyblancos,https://www.instagram.com/p/-CZVGKDLtd/
2015-11-13,845,carnavalnegrosyblancos,https://www.instagram.com/p/-AdTpcDLoX/
2015-11-13,846,carnavalnegrosyblancos,https://www.instagram.com/p/-AaKswjLj5/
2015-11-12,847,carnavalnegrosyblancos,https://www.instagram.com/p/9__sc5DLmX/
2015-11-12,848,carnavalnegrosyblancos,https://www.instagram.com/p/9_R2v3DLkU/
2015-11-10,849,carnavalnegrosyblancos,https://www.instagram.com/p/961XgyjLhR/
2015-11-10,850,carnavalnegrosyblancos,https://www.instagram.com/p/94-iQKDLg6/
2015-11-06,851,carnavalnegrosyblancos,https://www.instagram.com/p/9uc18mjLsI/
2015-11-06,852,carnavalnegrosyblancos,https://www.instagram.com/p/9uW1jCjLip/
2015-11-05,853,carnavalnegrosyblancos,https://www.instagram.com/p/9uKff6jLvJ/
2015-11-05,854,carnavalnegrosyblancos,https://www.instagram.com/p/9tazxtDLpm/
2015-11-04,855,carnavalnegrosyblancos,https://www.instagram.com/p/9qoP2ojLl3/
2015-10-30,856,carnavalnegrosyblancos,https://www.instagram.com/p/9cjztsjLlo/
2015-10-30,857,carnavalnegrosyblancos,https://www.instagram.com/p/9cZpjQjLmH/
2015-10-29,858,carnavalnegrosyblancos,https://www.instagram.com/p/9cAW4JjLpo/
2015-10-29,859,carnavalnegrosyblancos,https://www.instagram.com/p/9b8PjJjLh4/
2015-10-29,860,carnavalnegrosyblancos,https://www.instagram.com/p/9bczadjLuM/
2015-10-29,861,carnavalnegrosyblancos,https://www.instagram.com/p/9bZufhjLon/
2015-10-27,862,carnavalnegrosyblancos,https://www.instagram.com/p/9Wqje6jLhf/
2015-10-27,863,carnavalnegrosyblancos,https://www.instagram.com/p/9Wp0NVDLv1/
2015-10-27,864,carnavalnegrosyblancos,https://www.instagram.com/p/9Wpx0CDLvv/
2015-10-27,865,carnavalnegrosyblancos,https://www.instagram.com/p/9WplAjjLvc/
2015-10-22,866,carnavalnegrosyblancos,https://www.instagram.com/p/9J2g0hDLqa/
2015-10-22,867,carnavalnegrosyblancos,https://www.instagram.com/p/9Jma67jLq_/
2015-10-22,868,carnavalnegrosyblancos,https://www.instagram.com/p/9HtD4pjLnj/
2015-10-21,869,carnavalnegrosyblancos,https://www.instagram.com/p/9Ha95djLrq/
2015-10-21,870,carnavalnegrosyblancos,https://www.instagram.com/p/9Ha4u5DLri/
2015-10-21,871,carnavalnegrosyblancos,https://www.instagram.com/p/9HayjCDLrY/
2015-10-21,872,carnavalnegrosyblancos,https://www.instagram.com/p/9HLv4hjLgH/
2015-10-19,873,carnavalnegrosyblancos,https://www.instagram.com/p/9B1qtoDLhk/
2015-10-12,874,carnavalnegrosyblancos,https://www.instagram.com/p/8uGILADLoZ/
2015-10-09,875,carnavalnegrosyblancos,https://www.instagram.com/p/8nr6z1jLsD/
2015-10-07,876,carnavalnegrosyblancos,https://www.instagram.com/p/8jevKWDLiZ/
2015-10-07,877,carnavalnegrosyblancos,https://www.instagram.com/p/8irOcHDLj0/
2015-10-07,878,carnavalnegrosyblancos,https://www.instagram.com/p/8hfF4ojLqQ/
2015-09-30,879,carnavalnegrosyblancos,https://www.instagram.com/p/8REoHpjLk3/
2015-09-27,880,carnavalnegrosyblancos,https://www.instagram.com/p/8JI33zjLt9/
2015-09-27,881,carnavalnegrosyblancos,https://www.instagram.com/p/8I-QPpjLvy/
2015-09-27,882,carnavalnegrosyblancos,https://www.instagram.com/p/8I4w2MDLgF/
2015-09-21,883,carnavalnegrosyblancos,https://www.instagram.com/p/76XCKojLu-/
2015-09-18,884,carnavalnegrosyblancos,https://www.instagram.com/p/7xauIkjLn6/
2015-09-18,885,carnavalnegrosyblancos,https://www.instagram.com/p/7xV3WADLuc/
2015-09-18,886,carnavalnegrosyblancos,https://www.instagram.com/p/7wHJo5DLkd/
2015-09-13,887,carnavalnegrosyblancos,https://www.instagram.com/p/7li0dDDLnf/
2015-09-13,888,carnavalnegrosyblancos,https://www.instagram.com/p/7lbkTVjLnj/
