Location, Date, Image number, Account, URL
Plaza del Carnaval, Pasto, Colombia,unknown,1,unknown,https://www.instagram.com/p/BdkysVNBquM/
Plaza del Carnaval, Pasto, Colombia,unknown,5,unknown,https://www.instagram.com/p/BCOBN98Lzc6/
Plaza del Carnaval, Pasto, Colombia,unknown,6,unknown,https://www.instagram.com/p/B74ng4gjMb5/
Plaza del Carnaval, Pasto, Colombia,unknown,7,unknown,https://www.instagram.com/p/BfepkbsBpKi/
Plaza del Carnaval, Pasto, Colombia,unknown,8,unknown,https://www.instagram.com/p/BfD-prbjH3j/
Plaza del Carnaval, Pasto, Colombia,unknown,9,unknown,https://www.instagram.com/p/xXvV8bKRCV/
Plaza del Carnaval, Pasto, Colombia,unknown,10,unknown,https://www.instagram.com/p/BsMRGHiBSbe/
Plaza del Carnaval, Pasto, Colombia,unknown,11,unknown,https://www.instagram.com/p/BsMG6tehsoq/
Plaza del Carnaval, Pasto, Colombia,unknown,12,unknown,https://www.instagram.com/p/BsMGg3lhHkP/
Plaza del Carnaval, Pasto, Colombia,unknown,13,unknown,https://www.instagram.com/p/BsMFrp1nAZT/
Plaza del Carnaval, Pasto, Colombia,unknown,14,unknown,https://www.instagram.com/p/BsL-AHrHT2m/
Plaza del Carnaval, Pasto, Colombia,unknown,15,unknown,https://www.instagram.com/p/BsL6t3BAZ6R/
Plaza del Carnaval, Pasto, Colombia,unknown,16,unknown,https://www.instagram.com/p/BsKODJihdOc/
Plaza del Carnaval, Pasto, Colombia,unknown,17,unknown,https://www.instagram.com/p/BsKNynhhHXz/
Plaza del Carnaval, Pasto, Colombia,unknown,18,unknown,https://www.instagram.com/p/BsKGoWQBpWS/
Plaza del Carnaval, Pasto, Colombia,unknown,19,unknown,https://www.instagram.com/p/BsKGgpJlOn4/
